{
  "model_count": 3,
  "model_paths": [
    "final_glycemia_model_1.h5",
    "final_glycemia_model_2.h5",
    "final_glycemia_model_3.h5"
  ],
  "y_mean": 6.070203160270881,
  "y_std": 2.003371977416948,
  "feature_count": 77,
  "ensemble_mae": 1.593099820212032,
  "ensemble_rmse": 1.9667075015756252,
  "ensemble_r2": 0.17810511409957952,
  "creation_date": "2025-02-24 21:37:18"
}